<?xml version="1.0" encoding="UTF-8"?>
<beans xmlns="http://www.springframework.org/schema/beans"
	xmlns:xsi="http://www.w3.org/2001/XMLSchema-instance"
	xmlns:context="http://www.springframework.org/schema/context"
	xmlns:mvc="http://www.springframework.org/schema/mvc"
	xsi:schemaLocation="http://www.springframework.org/schema/beans http://www.springframework.org/schema/beans/spring-beans.xsd
		http://www.springframework.org/schema/context http://www.springframework.org/schema/context/spring-context-4.0.xsd
		http://www.springframework.org/schema/mvc http://www.springframework.org/schema/mvc/spring-mvc-4.0.xsd">

	<!-- 配置自定扫描的包 -->
	<context:component-scan base-package="com.atguigu.springmvc"></context:component-scan>

	<!-- 配置视图解析器: 如何把 handler 方法返回值解析为实际的物理视图 -->
	<bean class="org.springframework.web.servlet.view.InternalResourceViewResolver">
		<property name="prefix" value="/WEB-INF/views/"></property>
		<property name="suffix" value=".jsp"></property>
	</bean>
	
	<!-- 配置视图  BeanNameViewResolver 解析器: 使用视图的名字来解析视图 -->
	<!-- 通过 order 属性来定义视图解析器的优先级, order 值越小优先级越高 -->
	<bean class="org.springframework.web.servlet.view.BeanNameViewResolver">
		<property name="order" value="100"></property>
	</bean>
	
	<!-- 配置国际化资源文件 -->
	<bean id="messageSource"
		class="org.springframework.context.support.ResourceBundleMessageSource">
		<property name="basename" value="i18n"></property>	
	</bean>
	
	<!-- 配置直接转发的页面 -->
	<!-- 可以直接相应转发的页面, 而无需再经过 Handler 的方法.  -->
	<mvc:view-controller path="/success" view-name="success"/>
	
	<!-- 在实际开发中通常都需配置 mvc:annotation-driven 标签 -->
	<mvc:annotation-driven></mvc:annotation-driven>

</beans>
